2,1.9646918559786162,-2.1386066504962056
0,-2.731485464357969,0.5131476908289123
1,2.1946896978556305,-0.7689353987553904
2,4.807641983846155,1.8482973858486327
2,-0.19068098515639065,-1.0788248180584947
2,-1.5682198384913058,2.2904970738404167
2,-0.6142775532037561,-4.403221033904316
2,-1.0195574466956856,2.379954057320357
2,-3.175082695465,-3.245482438525075
2,0.3155137384183835,0.3182758709686606
2,1.344009585513211,3.4943179407778953
1,2.244553248606352,1.1102351067758285
2,2.2244338257022154,-1.7704108614682177
2,-1.3821134437768592,-2.717367691210444
0,-2.0628595361117066,1.309761238544878
2,-4.078950600549248,-0.6629882732047179
0,-0.6913723667035621,-0.06314902349693785
2,-0.7416970970417207,-1.8773877702753472
2,-0.7364869303719175,3.933891631171347
2,4.441600182038796,0.01836675884336536
2,1.2395295179211114,-3.843816049207043
0,-1.8271451817967908,-0.8517378804636824
2,3.6630915788336598,-2.495446346034933
2,-0.16965735737295695,4.85559785610705
2,0.1948511925980938,1.1289452576296766
2,-3.7937133400967626,3.2634080050683316
1,1.0306012841092738,0.45068006466464894
2,-1.5723616622569159,-1.9587921097281589
2,-0.8297778897529842,1.8130076579279661
2,3.7545684179517487,0.10422337478011112
1,1.6931378296227226,0.8593655256221293
2,1.2490350209559988,1.7468905098782486
2,3.423424376202572,-4.168050116675612
2,2.6368284144333822,-2.5633362546312597
0,-3.0577703942122914,0.7245695749147307
2,-4.0428748338761284,3.8532682627513957
2,1.272489720512687,2.234163581899548
2,-4.8387079330498315,0.9443187944504245
2,0.5678519239428867,-3.4104035585527726
2,-3.469294848752269,1.9552952877091094
2,-1.8123357361812364,1.919702955318197
2,0.5438324971777213,-1.1104942587685542
2,4.251324896139861,3.416699969127162
2,-1.4260243331682378,-4.564085362009594
0,-1.9523192658890256,-1.0181431808201902
2,2.0495883045136223,4.953584820340174
2,-1.4408513428254044,2.625478137854338
2,0.931769165622212,1.9170179870017714
2,-3.488725476519198,-1.0112370727384343
2,-2.591441022763755,-1.5654398595167507
2,0.1312815419900213,1.6662455016407165
2,-3.940915149431862,-3.6910504933591923
2,-1.7801939353169196,1.6156433666624368
2,3.46506225270722,0.5325734479671338
2,3.544524875245047,-1.151621887242389
0,-1.8321210288162026,-1.4573532440832149
2,-3.2891817079490093,3.2911263450189043
0,-1.6132915408567339,0.5237007529407309
1,0.7855146810883298,0.21533059397332277
2,-4.973119354256793,4.8834541928282
2,4.053415756616099,-2.923641388036755
0,-2.075105872075752,0.20010153072483483
2,4.019113726606706,4.836308849117232
0,-2.424579358459169,0.6435904292478165
2,3.069686841371791,-1.056299460472252
2,2.3107303584455705,-3.3893098557078516
2,1.0069856783358988,3.658644583032647
2,4.835216092035555,-4.206342096219843
2,-0.7165272529905078,-2.9545714045357228
2,-0.4936350948126522,0.4776357262885398
2,-4.066732896301792,-2.0313922451932056
2,4.275842401521475,0.6900373143019536
2,-0.425880024763881,2.5352599079811453
2,2.418621518420373,-4.514209671557312
2,2.08697395442746,3.3924334780508367
2,-3.340621157930461,2.8099793799995734
2,-2.134633832708981,-1.9353024667044272
2,1.6526146534968298,-3.8860782839228425
2,1.6487244880329435,3.8785679267622264
1,1.9631126823540637,-0.5967212333459093
2,-0.6178561562277531,2.6509609523930653
2,0.6564200122588284,-4.150958368081824
2,0.8267108786140467,3.1484370289340973
2,-1.6293361655239003,4.275765795753895
1,2.5071700034316793,0.7406382514996448
2,2.5164398879291836,-4.2085103926179475
2,3.5938907568061147,3.215041132005579
2,4.098716596102088,-3.7136880249062
2,-4.182199129060148,-3.615844272184102
0,-1.0062128989719987,-0.7569313891900808
2,0.6221837873090568,-3.7775645036749497
2,-2.986004986186291,3.116443482840216
2,-0.32012425943250555,3.0793820948361024
2,-4.9257362145538695,0.5159272598240552
2,4.3193214807667815,0.821754591458701
2,-2.9390427255472584,2.177575622795576
2,-1.2101415030108233,1.683839472594598
2,-4.7068027710622875,1.3590035935135614
2,-4.67802065062076,2.44780655141766
2,-0.2708699776154493,-3.782456445269463
2,0.4263592578850597,-4.332255567749953
2,1.5336487135304067,4.960863273678255
1,2.6939733707396227,0.7377411365882445
2,-3.9736474078920416,1.9983407477291468
2,1.611678673279311,-4.509028693772237
1,2.922993018445906,0.18716590890505103
2,-0.741323058000809,2.881871736014655
0,-0.8843077679116282,-0.18973724494846422
2,-3.183711573261754,-1.7868110049357133
2,3.455329965625687,-3.1309625107328465
2,-0.8270893909665586,4.890345073952995
2,-2.6340018829448066,4.16832332938829
2,4.18397467805633,-4.087036577967982
2,-0.36347275114484034,0.022163353227870886
2,-1.8633104994787253,-4.52660462762263
2,-2.583143627546022,-4.044703584446391
2,-2.617500942875882,3.077910862901561
2,3.949782878860116,-4.567771079203532
2,-1.9805316373728097,4.805821985942876
2,0.3950482255373533,1.263093617098563
2,-4.944545915930955,-0.1509055655744076
2,4.883285346223875,-1.2481447251720192
2,-4.029618413611388,-0.3809123843155158
2,4.630044659922582,-1.5816938643498357
2,2.989227332150132,2.9884633121306194
0,-2.9175170326106334,-0.5663229819878826
1,2.1560127515430487,-0.8948021458607212
2,-3.0899304462957886,4.674943068064184
2,1.5075036647629334,3.6545985152289937
2,-4.747576422003563,-2.3309418520886527
2,0.020711003267428474,-4.3255136486994825
2,4.930332610947918,-2.635376038019711
2,-1.2570781765455195,-2.8598808509165377
2,-3.9455413389454916,-2.6752021439576423
0,-1.993898644967953,1.3444226789943912
0,-2.187652185470915,-1.3772323902342376
2,-4.940571562764702,-1.3428087407263547
2,0.3388598169829464,-3.379841629494691
2,0.97433108360375,-2.0684753137282064
2,1.3205049480172795,-4.738033947491562
2,3.8759346046777488,-4.838813695766261
2,-3.730419689640386,2.7716246157060223
2,-4.541047677978294,2.1099869359551002
2,4.71046140510129,3.7168293314230727
2,2.1016165132069853,4.585097430216669
2,-0.7018666211341804,3.728789143218073
2,-1.4404233202638537,4.297636529038467
2,-3.512223437578964,4.4002901492827355
2,3.3271619728321262,3.4605483819646405
2,-3.7607699007605566,0.9648689834173698
2,-4.8360751912406865,2.2118436605060676
2,-4.92262485874096,-4.151777225547663
2,-2.7450158954997637,3.7512453387322466
0,-1.3642368201238666,0.39959935212558495
2,0.6810321381897841,-2.7453663969404007
2,0.7214676798446114,1.6095179502960324
0,-2.0175460668267053,-0.8137314101997406
2,-0.46911075453869966,4.323506615420815
2,0.8749374747950247,4.4825237161814115
1,0.5603475376514684,0.005614208491011574
2,-4.964677890337517,-0.1911095612503786
2,4.274549985626518,-3.0163431097328086
2,-4.479088656105011,-0.9322110652613151
2,-1.2760351940588799,3.571530578712437
2,-4.733888844400404,4.201492297590049
2,1.8090299899495648,4.042259940642177
2,1.0752907082063876,3.1195331243612436
2,-1.6445612646071384,-1.5043377197244023
2,-1.1012576967170764,2.5479708157278322
2,-1.3070882557135222,-2.5778019350773276
2,4.376683567905959,4.0801108366304
0,-1.5120268391300895,1.3463807025804728
2,-2.2615778834692426,-2.938848712864309
2,-1.6366047100320555,-1.7290010738449881
2,3.822761011966163,3.2230381472372542
2,2.096232285590979,4.593452252588969
2,-0.7745664689194189,-2.5496696144432374
2,-3.8260156280851074,-1.9894664179880017
2,-3.5473626602954624,-4.0781390263162995
2,1.0293219670692322,-1.3581255024355308
2,0.645703425961436,-3.086642792794434
2,1.7690585965276062,-2.844945527243402
2,-2.2197640625596393,2.4176042214487676
2,0.5973789564471188,-1.6516358713298072
2,0.42988782545193516,1.9398470285824256
2,4.121321214776291,0.8071321339445392
2,-2.673136211071191,2.4669763077649653
2,2.7776901755470753,-2.99598685037346
1,3.2057421967788606,-0.3506514527717357
2,2.7976666208894514,-2.625217800117341
2,-1.6741973028232362,4.536971192916528
2,1.5781507314980505,2.7287783050154175
2,1.8837434322062911,-2.9569588215156726
2,-0.29311251553457396,3.089638727117851
2,1.7503512690937182,-4.939721143467021
2,-4.125922573471772,-1.5320527978644058
2,4.4436553961859016,-0.08809519025416535
0,-2.298237325696663,-1.3957628054629012
0,-2.893473724459368,-0.7879994282998739
2,-2.8196456045052543,3.4575250730292773
2,-0.43729400958437115,-2.2019798156422974
2,4.328916481414817,-1.8564864637080323
2,4.0971466204333815,-4.5658190902972295
1,2.071150602676761,-0.161109609653737
2,-0.5577893867201977,-4.636766556480184
2,-4.593168095086188,-1.6724638293805905
2,4.4711953990743325,1.1765997711469112
0,-1.3112515831907312,1.1197703905490553
2,-2.938684637147725,-3.3493355717196263
2,-1.3818273446864158,3.6335335154043165
2,0.09401727350223865,-2.0309848394314445
2,4.502516250691507,3.159660896670598
2,-1.7702605719757383,4.720982452279923
2,4.873510978303909,-0.9133986625422192
1,1.5592310288847475,-0.9434680154877197
2,-2.426518942594289,-4.173473240001318
2,-2.36389653882168,-2.2852014649025474
2,-1.0136092031686053,-3.1511396897469135
2,4.5381840331447645,-3.9712011461884247
1,1.252085331388015,-0.5830261195377942
2,-0.7648195102340702,-1.280082170757205
2,3.683147101724458,-2.195230193531903
2,-4.794238426063767,4.180970159591066
2,3.6448027757360553,-2.230982099539971
2,0.23487548325018448,-3.909118027356829
2,-4.065729312389243,3.37466108433709
2,-0.8973428243076693,1.6171654020230708
2,4.432005584771527,-2.548694084385378
2,-4.868401687091386,-4.758515942162276
2,2.093856924031721,4.2455188479347825
2,-0.32669726987129,-1.2489085190248126
2,0.42860424677404296,3.589168375814408
2,1.521538737929415,-2.6702010331789374
2,2.7458020452057363,-3.6538650266353
2,-3.344400292712871,1.126822828089896
2,-2.612165938573688,2.0477854755553064
2,-1.5048147260804337,-2.2257603999261466
2,4.989184059727975,-4.593838754415405
2,1.4582252168311216,-4.613004149877557
2,2.602102579190041,-2.6991004250170914
2,-4.10168132927636,1.4844971190904772
2,2.3260121729292838,1.7809531491884387
2,-4.4809905286579275,-2.0569305444584387
2,-0.48911653780124986,-2.128967102745035
2,3.105134562703709,-3.6888489484730314
2,1.1217936169059186,4.882149436274535
2,4.025565385988688,-2.778429375149014
2,-4.999181123863323,4.805973420619889
2,3.827129846973776,4.194724663276126
2,-0.8449644916236663,2.4461546215673104
0,-2.8716850143085093,-1.0769592891607251
2,3.5154805138717524,-3.7238777578197926
2,3.93865367873639,-0.03492027624886873
2,-0.7390434462742554,-1.943536119068816
2,4.168487852727761,0.17623460761289067
2,3.0402636833347767,3.5765178728103244
2,4.223823545915369,-1.9661926596692378
0,-1.6018914595565539,0.9507387634761493
2,-0.5867586454052889,4.32842532619742
0,-1.024359483665136,-0.22221951624789682
1,1.1718608855326798,-0.9526051402625244
2,4.924784359251065,-4.011487154410136
2,-2.7939668219279765,-1.773448688763498
2,-3.522771563603798,-2.1578076546844462
1,2.7924529285948028,0.22892000885217811
2,-4.6604636387178004,4.826225851871888
2,1.1600647756664682,-4.410605213969791
1,1.6116877179698053,-1.2163062930476611
2,-3.6432670287492774,0.6366459289919284
2,2.2707995050333025,1.7112660447012171
0,-2.5248684649964357,0.24866221452907755
2,0.3766344407086928,2.1680336413203687
2,-1.40132651058933,2.9773259519093918
2,1.2792184889559994,-4.616683929814613
2,0.4647902166908491,3.619120954317699
2,0.6757416255528126,-3.2417173454430492
2,0.10376370347584007,2.569458365293011
2,-3.898948035545995,3.170990787402383
0,-3.325183588369389,0.3407649221606448
2,-1.142565175632825,-2.513762324886443
2,1.4743251300873226,-4.626078912275606
1,2.600458067436451,0.26940638734370914
2,3.7577121054385287,0.2071831992134987
2,-4.649668314659518,-3.56399031117858
1,2.9560458864082726,-0.080239511420519
2,-0.5812072853414136,-1.8156521862250652
2,-2.1545080173286957,4.65886312489754
2,-0.6703066921657239,3.8400303267501688
2,1.481631232057743,3.5842764627365984
2,3.5244954477398753,4.563120277897015
2,1.97942236203094,3.0539693539436623
1,2.331278954025815,1.0522683594578055
2,2.1735413389173175,2.1575041142483284
2,-4.590922069637023,0.161108355315025
2,2.926513607264746,-2.57037813489996
2,-0.34852013525986525,-0.6501428903960491
2,-0.9721283071575604,-3.781604722325885
2,0.257115412701479,-0.5375163472966848
1,1.6339275727764067,0.49413058782451635
2,-4.724570703478468,-4.680820123942486
2,2.013598010182327,2.07581118559356
2,4.599391337244668,3.767046815038114
2,-0.31940332612744093,1.2590651168516889
2,-0.42818272303733984,-2.770537633322471
2,-1.2332300274365728,-3.9611576753533386
2,1.6652711899499248,-3.0796985628603246
2,-0.24532212508883688,4.6743660302137755
2,-4.683310693519127,-3.4827004994378785
2,-2.0142081562828196,4.418069644162545
2,4.088417961283305,-3.3799915918803936
2,4.8111777327747784,2.507475251294209
2,0.39977082932597696,4.317028829614859
2,3.80607142176593,-1.086835074827428
2,1.5634319597943165,1.4738514557334357
2,-1.7303181417703541,-3.206098253453341
2,-0.3319012253802134,-2.367189636933409
2,-1.449348736335975,4.541439688984596
2,-0.3886212946783063,1.848914654765899
2,-1.63770105232346,4.958610784507721
2,1.5876760604166718,-3.039905342544161
2,-4.01816001378533,4.43180571177083
2,4.447778322106275,1.2132837542793116
2,-4.830085006537567,-2.7446511572351207
2,3.0127678411852585,3.754598293130373
2,-0.46010185587346264,-1.344793817225555
2,-2.257749885419548,-3.83029486233625
2,-3.8425546405090305,4.526026984079639
2,3.0862611472550032,-3.3522063941050693
2,-2.9294995011606693,1.5555155066042676
2,2.646642151836308,3.1031484526044757
2,-3.3666230866361713,4.841282880236973
0,-2.7219793418497353,0.8941543313069733
2,0.8761575531881007,4.673618856426801
1,1.5766744307515799,0.8490426632149557
2,0.18772578663976702,2.6465753809753014
2,-3.9394473941237496,-4.979080988167725
2,4.524888677894637,-0.013423204998143312
0,-1.7166462116460925,-1.3194673991689432
2,3.0384331611892588,-1.176297875812483
1,2.701691739936929,-0.5953799791214598
2,3.440774627504414,-4.237959359506476
2,-0.1887167241986365,-0.33150289786611253
2,-2.3567202068794213,4.436147449446574
2,4.050284578590507,-0.5640369805409247
2,-4.028403942845308,-2.9321685110329057
0,-2.285081635365417,-0.15780226478560788
2,-1.6162288878127185,2.741360698004832
2,-0.23973392364916357,3.7037050444345354
2,4.957817501352805,-2.801640499987128
2,1.1167137717510283,3.4750231052814335
2,4.452366349450843,-2.0991357495161944
2,2.2704274394637958,-4.849838515829043
2,3.7914243838953343,-4.360614508853921
2,2.333953986698191,4.946103868676593
2,0.011897807926793291,-2.9066600926663053
2,0.9464358288652477,1.241499797378908
2,1.6807273732864711,-3.273882578270989
2,3.9871269243240803,1.2099136750047856
2,-4.564312954472632,1.8404106470700619
2,-3.039159533710001,-4.726592186805455
2,0.5095327523325546,3.1331363858099657
2,3.5994114828264685,-3.964790748508423
2,1.6304278568347632,2.1007522445797004
2,-2.0548300592851056,4.713639986847536
2,-2.2131252993195316,-4.300178106151203
2,0.19280361142826408,1.9431488617635786
2,-2.5534021293736497,-1.6141779777004306
2,0.6362798303156971,3.8667816578951015
2,2.4732590593741444,-2.9040804088521934
0,-2.48222929278897,0.23880689167493507
1,2.689586949648641,1.1876177819273694
2,0.013242663009157774,0.9712533984024221
1,2.5606002912966064,0.37079793800344074
2,3.977527442040371,4.470674904902781
2,4.153545066254917,2.5451834006002194
0,-2.5367899600877717,-1.147285539911124
2,-2.2000004893364933,1.5766024105910486
2,-1.7577837555831408,2.5439160490433608
2,-3.8649092159071765,2.7536476284269167
2,0.8590197465333542,3.3538868714650008
2,-0.6912434786928809,1.249644532088534
2,0.5441213156551417,4.756712663530815
1,2.5547439141811,0.44813249407616595
2,-3.259679094612796,4.041142168501333
2,-2.941622173166898,1.5004325679015675
2,4.364718529746943,-2.7642036978830853
2,-2.740764592635847,3.518189104220248
2,3.2765502596888467,-1.4829664702229541
2,-2.3490371131815513,-3.7261152773823736
2,4.879361031001444,3.353431008802664
2,3.993916049390368,0.13679326010407067
2,-3.8561516771372606,-4.474196615496907
2,-1.6941789718505063,4.2033043298683985
2,4.475818351374471,3.411638657691359
2,-3.4132085652945934,-0.8007682888892091
2,-2.537570812998738,-2.9465022527163476
1,1.848258501106498,-0.13888332280233406
2,-1.7509035502417425,-3.997855376651783
2,0.4476337099162926,-1.5297484693310306
2,-1.0890419384954053,-1.894912582052938
0,-1.1280479508048282,0.5585958457772584
2,-4.85856194402957,3.476469952234776
2,4.219198616289061,0.5052969045870306
2,-2.3197888321538382,4.902390002140789
2,-1.1680596999358164,1.9365539429049692
1,1.8995254724506951,-0.6569093534083006
2,-3.0084184266657745,4.665793758873916
2,-4.363091406801293,-0.14850612176953248
2,-2.792692902097207,-2.060258677721886
2,3.2852732219453067,-1.3273443701708243
2,-4.166517302911521,-3.0369099487801474
2,3.6037341026518117,4.770288500601701
2,-2.320178393836263,1.7540898770318938
2,-4.188010025002092,2.234655918313483
2,-0.8356338759954083,4.181599182878918
2,-1.8846383004665954,4.414669974055251
2,0.032474270825045615,-1.5110707596625073
2,1.470195951367086,-2.502537966888739
2,-2.7023640265048487,-3.036535553752384
2,4.5989956382581045,-0.0708627238142654
1,2.5161496286499325,-0.26008118669338387
1,0.8754016006711698,0.8413898113599867
2,4.798863079173877,1.6843312417912193
2,-2.6023052842855963,-4.848023408362251
0,-2.8131786032528714,-0.4448035770204326
2,-1.0657966327351929,3.1232623931634915
2,2.855567550012524,-4.10904032086584
2,4.520107249691939,0.2745667738312765
1,0.964039628598135,-0.9494322869266565
2,1.4950095569550381,3.7132630349946503
2,1.7393596681949939,4.700985438195028
2,2.0112224966201993,3.217207364459764
2,-4.549604161811656,1.726985139975504
2,1.5475264445391623,-3.982539490183763
2,3.423874960636102,1.141724039011307
2,-4.016719096150671,0.9446711872268354
2,-0.21584151671025698,-2.6670643011219464
2,-4.802439094203291,-1.3443271881423824
2,1.198510774700762,-1.7072086651270721
2,-1.9274534748442784,2.5112124212364932
2,2.586246475558129,2.1876583547917514
2,-3.988180458948112,0.16165956971943451
2,0.5779866036521843,2.4480452694039414
2,4.031777222608673,-1.3096113396189804
2,-0.7133652766092045,2.327674923986301
1,1.6263641867020713,0.5786990091839144
2,-1.4986036799704747,-3.0464765344289146
2,-3.16192627992236,-4.184167095501273
2,-4.187991501139113,3.4579822363374575
2,-1.163272508261426,-4.392603770515516
2,3.9642567153523984,-2.767295256464355
2,-2.3187556968871545,-3.0550216045557432
2,4.675010598827932,-3.8745991383169542
2,2.221632421646765,4.320887430439107
2,1.6800129532230414,3.587266094526644
2,-2.575528980867483,1.7392797859385842
1,2.008713399668177,-0.41667487327024233
2,3.705456206135345,1.9438610016857547
2,3.948777911388328,2.5320435327347957
2,0.20290421313497564,-0.013117840043568307
2,-0.46272373299949354,-4.7835313714693415
2,0.3514140001521673,-0.7702676628573615
2,-3.424664038973635,-3.809303016130693
2,-0.5064812168633859,-4.600869464537505
2,4.865798891004532,-1.218790686930764
2,-1.1789080704886845,-4.488736994633133
2,-0.7332766604736136,-4.842545626867583
2,-4.6990636666717105,-1.6090076683759538
1,3.2096894774587756,-0.41178920067403535
2,-4.851594207940123,-3.367799683104251
2,2.3992272195179796,2.3829373714471807
2,2.545229064049134,-1.4833062381646478
2,-1.4772305296102162,3.0207566703898294
2,-1.0186211451083493,2.271910050605631
2,0.8112300888118007,-1.356583204252908
2,-4.199934799948709,-3.8387462352663917
2,3.895587233089042,-0.47659489977615177
2,4.940045389344354,-1.361030515064944
2,-2.500456953300673,-1.4946068018901224
0,-1.5691390303600738,1.373567316294646
2,-4.872624363160939,2.6326863726715164
0,-0.8358537480295496,-0.6776080633034809
2,-0.18884984869263377,-0.5078755120378178
2,-0.025291009396049446,-1.5409568964247535
2,-0.46653863109722504,-0.9534866431903533
2,0.18242717977078726,1.232690848561278
0,-2.58959392782475,0.08437148808144368
2,0.946219192109039,-4.8305168540989465
2,0.2049373865727837,-2.6070675397341936
2,-0.9546145205535241,3.26530162357383
0,-1.737644032395378,-0.16783076250877915
2,-4.752588463398846,-1.912491218347796
2,1.397210930860819,-1.8483822544059225
2,-2.9420249381820343,-2.093443201103499
2,4.543783068089432,-4.131981777477218
2,-0.3664223642528537,-4.416130963413755
2,0.38658241288819184,-3.539642630155523
2,1.3408480524717366,-2.3560253750987883
2,1.909153889222626,-1.5285394033127098
2,-4.95831511392424,-2.0510529098175514
2,-4.181055609489511,-0.049603684102691226
0,-2.11109931345838,1.3999186876212866
2,-0.0006405256860890773,-4.639551474041327
0,-1.8136609942960313,-0.10940809260440965
2,0.7220384258430972,-3.9512870607199946
2,1.499712904268959,-1.5630232227673901
2,-3.1707870604632027,3.053266882790332
2,-4.313766131268634,4.297698533372969
1,2.0626616013039554,-0.24408979707651302
2,-4.888391151158808,-1.0987468895360197
2,1.457984135282456,3.5891309804128877
1,1.177639941094255,-1.022925787492147
2,-0.5264061325519638,3.732953268532846
2,-1.486426904932033,-4.348424013781928
2,-0.5732744315007725,4.984591260097076
2,-1.2022713732718215,-3.069452833109243
2,-4.54869863402193,-3.290311173946386
0,-1.7593559563048022,0.7427833546209159
2,1.6558841575628342,-4.571810758047884
2,4.361801031938363,-2.643616551387481
2,-3.509379923315695,0.3082943406228953
2,1.7758581900429675,-1.9274721064010203
2,1.6944121874468987,-2.057061469851762
2,4.021715201612055,3.80694737171234
2,-4.288056232589822,-3.4959747980396036
2,1.9805868614722026,-4.998798985110251
2,3.218136150267096,-1.4376018753471342
2,2.4461989475450068,-4.557627931455052
2,-2.907355706019276,-4.291948204048014
2,-3.201762048954807,-1.1557876772521656
2,-0.08448188996046291,4.1609136014192565
2,1.2717401998602842,2.064798139812818
2,-4.178893233274566,-2.132129118665765
2,4.917319129530874,0.6042230164419138
2,2.8781743340050276,-4.675175339935934
2,-4.159237858667309,-3.9076680189832445
2,-4.8471415566122475,4.219789686573339
2,-2.4636471382688176,4.9656913113163945
2,2.381298505423592,-2.4938920988390443
2,4.918046356850356,3.685338575255553
2,-3.350019945790158,-3.1467808874125147
2,1.801861414673155,-4.217197544057298
2,0.8452486239360226,-4.333970753509513
2,-2.787023937311295,4.484399533255527
2,-0.014283626506355063,0.737129695138985
0,-2.3031672213973167,-0.5993835483908985
2,-3.6699759392742526,0.16616310303083637
2,-4.460442072000954,-4.5175063143633025
2,1.7964773960694744,-4.450183895228092
2,0.2128384561911032,-2.3397350584279577
0,-3.1230605699293426,0.7331889005464696
0,-2.035367026502751,-0.436176252729946
2,-3.610261612855059,-3.735143115467773
2,-3.9347106514501364,-4.284398875661677
2,0.5371371870076525,2.5600549148757867
2,2.9236687219885615,4.578448081393994
2,-3.316076398091244,-3.6438104611115896
2,-0.30045220689811103,3.610075256721501
1,2.670692739263102,0.581781082188324
2,-3.432167343922632,-1.087374308942779
1,2.193457766547499,-1.2658731505763798
2,-4.608806497233379,0.8388396107320126
2,2.201345796929494,2.147714916424567
2,-3.3513416146527177,-1.6400841059606632
0,-0.9082770770308022,-0.7951858727287417
2,-3.8584151049532234,-1.144684692986452
2,0.066321865438292,2.1056067211637153
2,0.6944768884410006,-0.9506943960110092
2,4.275973627545341,0.9808356663173807
2,4.74790883705413,3.6737635635013994
2,1.7362610162511434,3.993134954247056
2,4.912396781183261,-2.7912273303585557
2,1.9105651990380412,4.187792778591289
2,-4.825998399835343,2.994889965325843
2,-4.105970501089924,4.1655429744521335
2,1.1201337340415325,-3.3793056143342124
2,-4.605898324289466,3.278214837762212
2,-3.6050805905521055,4.3954137384682195
2,-4.091347432997497,3.3797848379323234
2,-0.7646745676949003,3.727353473901136
2,2.6857424178243257,3.5288228236020114
2,-0.29757907589759114,2.1376831672869905
2,-1.8133240730956945,-4.5282673218658225
2,-2.6759988914595114,-4.986383608947463
0,-1.3697184401148599,-0.06171163015966208
2,-4.805929123701907,-4.922701847735532
2,1.8646356843230594,-3.995641581281806
2,-4.261544937737786,-0.04401824694986978
2,2.181593095808106,4.771652386329633
2,-2.04602699835311,-3.824820260178934
2,-4.31463415960036,-2.9248930341224866
2,-3.9994534294579154,-4.96615638599073
2,-2.1492630783995423,-3.3579311633148734
2,-4.817500979048692,-1.4536801655284415
2,3.2591578699168924,-1.9633848472007944
2,2.100997364935841,2.2873494765179325
2,-4.744435363039892,4.617851029340253
2,-3.609906070099891,2.174649893036351
2,-1.2055686504748122,3.682225427483898
2,4.949610284237348,-3.0667703264221515
1,3.19455618048128,0.05502947579409323
2,4.654310642829936,1.5808899743324636
2,0.9323790164629822,-2.7047655239679758
2,2.1870006431082007,-2.1179871293843497
2,3.4575861274078576,4.7726365909836606
2,-4.922070185207249,4.546330818934624
0,-1.4153970683586792,-0.11684320489690414
2,4.24085513698029,2.7595768870520123
2,-2.5677751188981657,-4.03147311954495
2,3.4122622774490736,2.470601324732332
2,3.5833942317657836,-1.1595867161002325
2,-0.0788628936697151,-0.34981372026804625
2,-1.8527832944869917,-1.6432762199450024
2,2.1864925918488334,2.530711267273027
2,3.638539865096316,3.4490203807560107
2,2.539377105246219,-1.672221821307609
2,2.1004633782310167,4.726244921082927
2,4.162399148722233,4.71487726389655
2,-4.637924800562914,1.115991369074755
2,-2.846570990262732,-2.5344026560099477
2,3.440609081355756,2.5019167979172083
0,-1.7119758106238003,0.19915363650133067
2,-3.116701229392466,-4.9617279619988945
2,3.9995810697919474,2.096423193928051
2,0.28818447000421976,-4.459011374443776
2,-0.7915982257768928,-1.1995809897566492
2,-3.284530034900367,-3.4381172119803893
2,-3.268222027729164,0.9683559577496004
2,-3.7529604815988336,-2.6145074333660387
2,4.462721810039641,-2.80538215547974
1,2.6385659649848563,0.9804000954853374
0,-0.868431905530473,0.9528589349768541
2,-3.663799700783419,-0.1581211207190405
2,4.721335039087354,-0.7227918489163789
2,-2.5711875557908526,4.2750688062276545
2,1.1077431996631146,2.278572444454115
2,0.4340462456907854,-4.88797989973059
2,2.5570011041846987,4.786971759219734
2,2.1618760749701282,3.0875737053877366
2,3.515866695612022,4.992012625846259
0,-2.113865010297895,-0.5061580768118157
2,0.4282608999885609,-3.475443056955897
2,-0.1902399941781585,-2.230191132071846
2,3.369323505357144,-1.5293640227716487
2,-4.183153378869764,-4.899145810793401
2,3.6054348754388403,3.5884571379946166
2,4.340887055732862,-4.274544670267914
0,-1.0524135077915275,-0.7180605646105356
2,3.608837840751683,-2.3857960748946416
2,-1.9779560199695423,2.3272726918767734
2,-3.199475093651646,1.353748361771526
2,2.4220923499606375,-3.1954653428324145
2,-2.78055232286638,1.9980924794797748
2,2.945043175557255,4.533548269224818
0,-1.913501026358122,0.48633584114456596
2,-3.531872444409665,-0.63104840674111
2,-2.38879315428305,-1.5119981961435478
2,3.033655987565581,3.0322972419814
2,2.045056792616986,-3.763606915279316
2,-2.1597492125120565,4.392958226326295
2,-0.4747384897236202,1.2184475145791707
2,-4.816909449794786,0.18020048107599607
2,1.8914287017219378,-4.411182171670393
2,-3.8471546695486083,-1.316307029500349
2,4.4445876327843195,-2.512019962549008
2,-4.783973273588571,3.092784724322966
2,3.4924837718238795,0.3669550094762206
2,3.930472188945224,-3.209659253394155
2,-2.253313767897782,-4.79550265095408
2,0.834322817573919,3.873887484571002
2,1.0640125891921581,-4.19714179645953
2,1.932235438882179,1.7594061284192728
2,-3.3325578982019612,3.2898429088054257
2,4.123903621811566,-1.083009142475364
0,-1.9123588330304164,0.7467375184372465
2,4.725171919229126,2.249631190795638
2,2.900625524495016,2.6858347196270955
2,4.569939572725252,3.1619219964671874
2,-2.3168576180331115,-2.6869894799809533
2,-2.579093552154733,-2.8706509251072285
2,-2.9173659185421563,4.345023776963968
2,4.516624435158816,-4.101455956033271
2,-4.359256503876425,3.5703032050498855
2,0.637418628287012,-2.884336813752675
2,-0.3818331413326206,-4.26253700989315
2,4.822166834654663,-3.600485680094936
2,3.065533350386561,4.581798185048573
2,2.110111126922355,-4.11449025672102
2,0.8998498037113176,-3.7078350008456953
2,3.6695003277497342,1.7282635620588591
2,4.420561490330616,-3.5411414308155917
2,-0.4631564205231289,0.43563123974962625
2,-3.9166196990856084,1.7690569193711658
2,0.6643561492154149,-1.5195794111248828
2,-0.8708261739653578,2.962289176040044
2,-1.4358677719303001,4.726331451146793
2,4.181846335524408,-4.219138832095086
2,3.524168263965496,1.7377893447851802
2,-4.446805030144631,4.553661368178343
2,3.3348698040028673,3.326839632564564
2,4.156449921115078,4.210843010221293
2,-2.8092046853558394,4.373626095513753
2,-4.520698706158791,3.81432305437478
2,-0.43287477582364353,3.31167748366415
2,-2.269587014560358,2.5486305214241236
2,3.046999058512391,-4.1906262841626685
2,4.144144607526419,3.1725059747255564
2,0.9546202981850964,2.079293999505097
0,-1.5417971674831388,-0.294396373312642
2,-3.5263716603205877,-0.0009271411088214165
1,2.8282134614362944,0.5839641845320962
2,-3.665156040100258,3.2955199190309816
2,2.3798676752843075,-4.626450246390164
2,3.048816811146205,3.6524448530969718
2,0.1237956344259672,-1.2140618767354185
2,-4.1652090818678875,3.282759783077413
2,-4.963411359355244,-1.5651330407391315
2,-1.7226479340541525,4.120123284372971
2,-0.5070893212548047,3.886575384039565
2,-4.10704765286055,3.46078817478295
1,1.1237835459366732,0.3791908197959568
0,-1.9404417029173269,-0.09630722864106289
0,-2.26545518622343,-0.4418204316790888
1,2.688169417869105,1.2549048075480584
2,1.8053444649064962,3.9221676046063116
2,-4.470606522871151,-3.0105696238899027
1,2.241939404823122,-0.9176428962716283
2,1.5021324623372614,3.977651120771341
2,2.3600342661644644,4.33117273914163
2,-3.480583951886959,2.5662929701257218
2,2.026270109386581,-4.924472617616615
2,-4.570246005355245,-4.662304139168933
2,0.27617397991237613,2.765097991089517
2,-0.9464240030162774,-4.967701115064434
2,-3.2510531065289694,4.4850490869533814
2,-2.553375540064,3.5338560713782172
0,-1.2961239753153753,0.2129682846185048
2,-0.10267480625803316,-3.6551924603910555
2,-1.3383696931874702,4.99644250811526
1,0.6412650763172696,-0.34764734384793705
2,0.49143490966360925,-2.369909264716413
2,0.6636621487283563,2.283198659410708
2,-3.9431606550447764,-2.2155033775109754
2,-2.910777153072849,2.4487923165538517
2,4.356665777276763,-0.75312803173688
2,1.3324593456511806,-4.687878397076131
2,-3.685123899551689,-1.1554943630982994
1,1.6439206453710469,1.4032850523099425
2,-3.0784350749986213,-3.6710382859572666
2,4.380716468151995,-1.4464028005957328
2,-0.39567981915818873,-4.046402811022514
2,4.102347263268291,1.6801846441924395
2,0.09970961485919361,-0.687342606820347
2,-4.485344882721593,-2.857057919121898
2,3.5607919741835445,1.222044127861329
2,-3.0612487972171367,-3.107967824326975
0,-1.4987448745844767,1.152965383306876
2,0.4241525968463158,0.2703487521136916
2,3.689307998115366,3.612514566241531
2,3.451985028044568,2.0245168375946054
2,-1.075497864841537,-2.3065572988462146
2,4.556926395076488,-4.54715037146164
2,1.1838307329427602,3.46124122433352
2,-2.2808709003732774,4.787460717284693
2,3.859239719420504,-3.006719115033649
2,-2.2969068306666096,3.9730291010879633
2,-3.9074820661217045,-3.1152282837830345
2,1.085494091516206,-3.5298565496972123
1,0.7254517089836572,0.7554521321515617
2,0.9635440064684495,-2.4929860882471413
2,3.210808667597073,4.704436221833333
2,-2.221139775264306,3.6549331916926437
2,-2.0694796019772896,-1.5107288607138623
2,2.8544344625497553,-3.6266990178606537
2,-4.381924270659035,-1.133673997818069
2,-3.7031677943554673,-4.204472445692462
2,0.887280202155786,-3.160252545697926
2,-1.9909871051233816,2.2908856657288377
2,-4.070042780524581,4.939682344806663
0,-1.912433319555109,0.45629251849431984
2,2.9184948140378726,-2.6299350264417223
2,-1.5883624325092938,-2.9373123286580127
2,-1.2142168824284072,2.34936672498557
2,2.1442689380949744,-3.1798082130185668
2,-0.2307603792992925,1.8820676666199745
1,2.381498945220425,1.3603697183386307
2,-3.0517728780307807,3.680790554095264
0,-2.115522258622531,-1.300781969983027
2,0.584978019298978,3.5937850491389014
2,1.4965031206615294,2.0168770447891307
2,-2.8363172031310837,-1.4743817585334562
2,-3.6310658195844123,2.3690341630748746
2,4.487578065608837,2.3486826148687463
2,-3.7532128396347186,1.9336535236122154
2,-0.6677480887457188,-4.078858180014636
2,4.994741732968478,2.241252907374011
2,1.2243796925672221,3.73097873368825
2,-1.7465890551925956,1.668450903172161
2,-0.3171956753379952,-3.7605023226978194
2,0.4106971372116366,1.31909487720967
2,-0.2675009612967578,-3.7472844295635657
2,-4.247168252198861,1.648384647582576
2,3.3790816398953947,4.240940454199755
2,-1.1181414640635277,4.383158347130925
1,3.198034720976853,-0.7595833163668262
2,-0.9367996712912783,-1.6652119733411053
2,-4.308833939618336,-4.902738641014695
2,-2.545013365118134,-2.453826509539808
2,2.2966104591271215,-3.4262932267200643
2,1.9242163396993988,2.303352999550744
2,-0.40282839089046707,-3.8234649561253864
2,2.195096119616272,4.136472512868444
2,-1.3382054582284897,2.587397773020264
2,2.4191871796706064,-4.459578324803886
2,-4.442923344067141,1.766177408867394
2,3.309076664156809,4.205619033175186
2,-3.583368767425892,0.8339020819359968
2,-2.1794691267776436,-2.7729913291698525
1,2.3838855252867965,-0.8680812167789238
2,-0.6230789133130159,3.444012610066153
0,-2.613152551895456,0.2834237773973598
2,3.277103806381888,-3.6811119673625625
2,0.9618297147015706,3.371900874656209
2,2.6446554251011944,3.8448211037062645
2,-4.674358009984317,1.9145614531084698
0,-2.9606349229344686,0.5701872807967137
1,2.7477889876142214,-0.7980853491252624
2,2.0420371070248846,3.404106980261872
2,4.457186898643448,0.4509310518430283
0,-1.839000694998533,-1.099738466533735
2,3.6559693412340835,-2.59683369324202
2,3.8326440053359043,-4.421637564778665
2,4.713254983421599,-3.8089277684063516
2,3.8338905649914707,0.4077167806529385
2,0.6132774768382809,4.806559540470916
2,4.513621100155959,2.986081465165549
2,1.5158344771000394,1.7770138671365485
2,-3.665314719531494,-0.325946725460291
2,-0.7083419944834013,-3.9809087503026275
2,-4.8867156247635455,-4.8373169235913585
1,2.3746657680440997,-0.5254398778328362
2,-0.09425382411811878,-2.4644339034349327
2,0.40838332920522635,-3.727929412967047
2,-3.3645027449694567,3.176440331351344
2,-4.725706469186629,4.160135123300536
2,-1.6181207585736725,4.321583896562958
2,-4.363012023504669,-1.8729991210807109
2,0.9316894348415197,4.37804841568696
2,-4.099964663358237,3.0919304521067534
2,1.1302392130314987,1.4000805445022362
2,4.923091013043427,-1.7891718594095476
0,-1.3981202878007104,0.35853875241851796
2,1.250838481678798,-1.8825388023794067
2,2.0632353584043592,-4.178754008769346
2,-3.051952149515542,-4.8674813901693605
2,2.4962011220385696,4.478981046884149
2,2.6871100186294186,-3.2712888574664776
2,-2.161421370106087,1.7117827822152396
0,-1.9055337572978592,-0.9318154350293888
0,-2.4419603482882266,0.3422675204470247
2,3.6947629106169515,-2.6030716961956135
2,0.2953723315944323,1.6500364910677137
2,-4.934241746818574,-2.4702723818857475
2,0.6726742247230275,3.251995047326753
2,-2.720385229307467,3.9884773632130095
2,3.2456545502165906,-1.0592520383546775
2,3.1347493657677443,3.492485742866725
2,-2.183397778025941,-3.848486693995581
2,-3.99081147625433,3.8075013314111086
2,-0.05597784760943547,1.7145263536687825
2,-1.0994207547464563,2.802521658714955
2,3.24213187571708,3.9253570987327535
2,1.4176981280909473,3.921204035233103
2,3.668531028503601,-2.2835627151793627
2,0.8854788448114013,-2.378412743922916
2,1.37819157329983,3.97147518193386
2,-0.16860397907885183,3.2456016996341734
2,-4.828954717114424,3.671434271519466
2,4.442031638335532,-1.8659358252316705
2,2.096455126301117,3.1923093839450427
2,-3.7573203125014065,-0.8555406810943333
2,-2.9341659332592984,2.4655889767697623
2,-0.9408517259966214,-4.998640578527923
2,-2.373663367878515,-2.966975501838766
2,-4.2523175210064945,0.30817186951564324
2,-1.630551503256389,-2.8106860092736285
2,4.366664989863748,-1.7622187294598657
2,-3.7229741960090115,0.23178321027630489
2,3.9233616158791644,2.779578258276425
2,-3.518107838074381,-2.010194648358806
2,-2.6283136367877082,4.27635995532156
2,-2.207132554424618,-3.306182070578123
2,-0.44882840587288797,1.1178107807689024
2,-3.4148776890293044,-4.7548939474338345
2,-4.052349838129359,1.5094773321576955
2,-3.365516422717553,-2.411565797749946
2,1.7571874837646266,3.7136210293704437
2,4.526717207817535,-1.1641720549523393
2,-2.736285278595343,2.391322741643773
2,2.124239086847023,4.744225867485715
2,-4.02111964687435,3.7814434869587448
2,-3.243397595848653,2.473353949903661
2,4.95425297251635,-2.6822155719125442
2,2.421797956505113,2.7415752361214407
2,-2.1904063274872696,4.212304713720647
2,-4.303359935764624,-2.7112004062925066
2,-2.054205962237008,-4.09946561406662
2,-2.5474781563774194,2.871633897857695
0,-2.3276645644382867,0.06615704703277903
2,-3.6464609077176044,0.916871036754201
2,1.108703488089839,-2.8173912938401124
2,-4.253487276752339,2.0178471598951466
1,1.3343628494577118,-0.17749857025675997
2,3.954225809307669,4.772693753795901
2,2.3239413214321125,4.622733583240674
2,-3.52855390616904,-3.4045429152470383
2,4.990669379827281,-1.2346166484655274
2,0.5946009796673701,4.447322135561517
2,1.0397473287821848,3.700416386858617
2,2.072964168595174,3.558768979927544
2,-0.2970291251008348,4.4938022693633535
2,-3.7473883160163513,3.076711402923788
0,-2.647077744588734,1.1881409318320966
2,2.762622217013506,2.0100093114647466
2,-0.6039441205881682,4.303482023706758
2,-3.3817069008766163,2.200082464599201
2,-2.468195547419506,1.879642663971107
2,-3.0937861205603365,-4.5221899532683905
2,2.847923733903724,3.1744625510945745
2,-3.375701607832072,3.0709953908894985
0,-1.7195795873800703,0.711474085125988
2,1.0188201463985278,4.136324109435119
2,0.7023052067105269,3.6895650736325134
2,-0.7847971731652343,1.531723101962247
2,-3.0853391618623602,2.1221430459004758
2,4.277545759374291,-0.728236305117588
1,1.4728954690191802,0.44297973505556065
2,-4.854990992866973,4.077829581503998
1,3.0929034057669096,-0.8451523689121787
2,-4.090317035419815,-1.4840465922534807
2,0.2564181754770498,-2.5582663667431795
2,3.325050918897741,-2.0452296845908666
2,-2.950668096279929,-3.271359954309818
1,2.262695914100269,0.46622686461619267
2,1.9597439895329032,-2.096548953540548
2,-0.9999691433984195,3.956072728635162
2,-1.695975401907023,4.029491365981089
2,4.662854404361218,-4.804659258246108
2,-0.057695749087196546,1.2205600350339179
2,-4.87498600593379,-1.498357523802376
2,-4.719563914944837,1.1649147600006327
2,-0.36841697539627827,-2.3708501043976016
1,2.775902765090704,0.4291440888452662
2,-1.675727663688813,4.35302906924476
2,4.758343650786836,-3.175989410402692
2,4.783917949684906,0.8760401868343539
2,3.753584324410392,-2.0850247376367648
2,-4.533922603537311,-4.874149187431582
2,-0.6906891475828294,-4.954511507485986
2,-0.5451857310115162,2.439702473138384
2,1.6833425214924826,2.3195549793270542
2,0.9458087818094194,4.539898140554538
2,-2.5989733049582284,4.0382650839220435
2,4.8172871994429975,-4.964519296368762
2,-0.6886221403480617,1.760722110475684
2,1.1453555067968608,4.892436884949905
1,1.6036808219780099,1.1744618503157014
2,4.263293197146554,4.021144326560908
2,3.341859301765254,-0.926253199235461
2,1.9749820164434748,4.559998930908391
0,-2.6011394820068325,-0.12018766032027983
1,2.5757118660626084,0.9776540584276718
2,2.8374808386723513,-2.3598955113787277
2,-3.691745587497377,-0.28787381576325366
1,1.6481460379985178,0.9754640959385794
2,1.10675478546756,-4.07338133686689
2,-0.08681208633857906,-2.9753496488438156
1,2.106780464042953,0.5841916766980564
1,1.0077755215750406,0.9556689492098105
2,-1.9378652113090231,-4.166307800571722
2,-0.8691093582490508,-2.0225858610556866
2,0.6970748909427469,-2.7686225162326505
2,-2.7629820268370073,-1.7484400932321398
2,-3.26675507056839,-0.979892388675073
2,3.240172008629406,3.520043841866533
2,-3.917529404224349,-1.6926985891674051
2,1.1321208511255758,-2.730514942999008
2,4.19476909451234,2.0663337004475775
2,-2.797100609925595,-3.933171819527578
2,-4.262241426273919,-3.1202592187970266
2,-1.0445211808263641,2.507886462272336
2,-3.5900105184264772,-4.635377909477006
2,3.91700574873102,-1.6462447468854222
0,-1.696383978558702,0.25107412038587285
2,-0.8017027054658765,-2.047698749073792
2,2.1557932071853063,2.921686008146784
2,3.262796723855562,2.7003027655948806
2,1.904278133057943,-3.0698764357881925
2,2.316503905921204,-2.252886182028808
2,2.2181752313299103,-4.021370969293865
